{"options":{"check_for_updates":true,"user_modified":1767517641511,"comment":null,"compatopts_for_requires":true,"compat_wrappedjsobject":false,"compat_metadata":false,"compat_foreach":false,"compat_powerful_this":null,"sandbox":null,"noframes":null,"unwrap":null,"run_at":null,"run_in":null,"tags":[],"override":{"use_includes":[],"orig_includes":[],"merge_includes":true,"use_matches":[],"orig_matches":["*.agar.io/*","*.agar.live/*","*.oceanar.io/*","*.aquar.io/*","*.cellsbox.io/*","*.www.inciagario.net/*","*.agariott.com/*","*.bubleroyal.com/*"],"merge_matches":true,"use_excludes":[],"orig_excludes":[],"merge_excludes":true,"use_connects":[],"orig_connects":[],"merge_connects":true,"use_blockers":[],"orig_run_at":"document-start","orig_run_in":[],"orig_noframes":null,"orig_tags":[]}},"settings":{"enabled":true,"position":1},"meta":{"name":"Xero-Bots","uuid":"2080e28b-43b3-4c57-a644-3c22713bef71","modified":1767517641510,"file_url":"https://update.greasyfork.org/scripts/433283/Xero-Bots%20%7C%20io%20Bots%202022%20DISCONTINUED%20SUPPORT.user.js"}}